{"cameraMode":{"drawMode":0,"name":"Shaded","section":"Shading Mode"},"sceneLighting":false,"audioPlay":false,"sceneViewState":{"showFog":true,"showMaterialUpdate":false,"showSkybox":false,"showFlares":true,"showImageEffects":true,"showParticleSystems":true},"in2DMode":false,"pivot":{"x":0.8464903831481934,"y":0.007455110549926758,"z":-0.2593514919281006},"rotation":{"x":-0.005686419550329447,"y":0.9218732714653015,"z":-0.3873792588710785,"w":-0.013210802339017392},"size":3.2196602821350099,"orthographic":false}