{"cameraMode":{"drawMode":0,"name":"Shaded","section":"Shading Mode"},"sceneLighting":true,"audioPlay":false,"sceneViewState":{"showFog":true,"showMaterialUpdate":false,"showSkybox":true,"showFlares":true,"showImageEffects":true,"showParticleSystems":true},"in2DMode":false,"pivot":{"x":0.0,"y":1.8799999952316285,"z":0.46000000834465029},"rotation":{"x":-0.05684506148099899,"y":0.8932659029960632,"z":-0.11741194874048233,"w":-0.4304407238960266},"size":1.2854959964752198,"orthographic":false}