{"cameraMode":{"drawMode":0,"name":"Shaded","section":"Shading Mode"},"sceneLighting":true,"audioPlay":false,"sceneViewState":{"showFog":true,"showMaterialUpdate":false,"showSkybox":true,"showFlares":true,"showImageEffects":true,"showParticleSystems":true},"in2DMode":false,"pivot":{"x":0.31322669982910159,"y":0.26169776916503909,"z":0.6036849021911621},"rotation":{"x":0.05338442325592041,"y":0.7010943293571472,"z":-0.053022097796201709,"w":0.7091803550720215},"size":1.2370283603668213,"orthographic":false}