{"cameraMode":{"drawMode":0,"name":"Shaded","section":"Shading Mode"},"sceneLighting":true,"audioPlay":false,"sceneViewState":{"showFog":true,"showMaterialUpdate":false,"showSkybox":true,"showFlares":true,"showImageEffects":true,"showParticleSystems":true},"in2DMode":false,"pivot":{"x":-5.309999942779541,"y":0.6200000047683716,"z":0.1980000138282776},"rotation":{"x":-0.13786844909191132,"y":-0.012131688185036183,"z":0.0019004595233127475,"w":-0.9904830455780029},"size":1.5370283126831055,"orthographic":false}