{"cameraMode":{"drawMode":0,"name":"Shaded","section":"Shading Mode"},"sceneLighting":false,"audioPlay":false,"sceneViewState":{"showFog":true,"showMaterialUpdate":false,"showSkybox":false,"showFlares":true,"showImageEffects":true,"showParticleSystems":true},"in2DMode":false,"pivot":{"x":0.0,"y":1.2906917333602906,"z":0.004925727844238281},"rotation":{"x":-0.04630186781287193,"y":0.7936024069786072,"z":0.060426607728004459,"w":0.6038090586662293},"size":2.090092182159424,"orthographic":false}