{"cameraMode":{"drawMode":0,"name":"Shaded","section":"Shading Mode"},"sceneLighting":false,"audioPlay":false,"sceneViewState":{"showFog":true,"showMaterialUpdate":false,"showSkybox":false,"showFlares":true,"showImageEffects":true,"showParticleSystems":true},"in2DMode":false,"pivot":{"x":0.031163334846496583,"y":0.10170792043209076,"z":0.05923730134963989},"rotation":{"x":-0.08827731013298035,"y":-0.8932955861091614,"z":0.20106996595859528,"w":-0.3921940326690674},"size":0.20924806594848634,"orthographic":false}