{"cameraMode":{"drawMode":0,"name":"Shaded","section":"Shading Mode"},"sceneLighting":false,"audioPlay":false,"sceneViewState":{"showFog":true,"showMaterialUpdate":false,"showSkybox":false,"showFlares":true,"showImageEffects":true,"showParticleSystems":true},"in2DMode":false,"pivot":{"x":0.0,"y":1.2906917333602906,"z":0.004925727844238281},"rotation":{"x":-0.022338692098855974,"y":0.7843796610832214,"z":0.027833763509988786,"w":0.6194073557853699},"size":2.090092182159424,"orthographic":false}