{"cameraMode":{"drawMode":0,"name":"Shaded","section":"Shading Mode"},"sceneLighting":true,"audioPlay":false,"sceneViewState":{"showFog":true,"showMaterialUpdate":false,"showSkybox":true,"showFlares":true,"showImageEffects":true,"showParticleSystems":true},"in2DMode":false,"pivot":{"x":296.4277648925781,"y":153.54141235351563,"z":20.301849365234376},"rotation":{"x":-0.023693978786468507,"y":0.014373001642525196,"z":0.00007455371815012768,"w":0.9997082352638245},"size":274.9369201660156,"orthographic":false}