{"cameraMode":{"drawMode":0,"name":"Shaded","section":"Shading Mode"},"sceneLighting":true,"audioPlay":false,"sceneViewState":{"showFog":true,"showMaterialUpdate":false,"showSkybox":true,"showFlares":true,"showImageEffects":true,"showParticleSystems":true},"in2DMode":false,"pivot":{"x":3.2648887634277345,"y":-9.473062515258789,"z":11.751395225524903},"rotation":{"x":0.11512661725282669,"y":-0.25477099418640139,"z":0.030563946813344957,"w":0.9596391916275024},"size":873.1009521484375,"orthographic":false}